config_id,question_id,top_k,chunking_strategy,search_type,category,faithfulness,answer_relevancy,context_recall,context_precision,semantic_similarity
0,0,3,recursive_1000_200,vetorial,FATUAL,1.0,0.9914884716008886,1.0,0.9999999999,0.8896148517799178
0,1,3,recursive_1000_200,vetorial,FATUAL,0.0,0.0,0.0,0.0,0.2825969282842713
0,2,3,recursive_1000_200,vetorial,FATUAL,1.0,1.0,1.0,0.9999999999,0.9795410649418288
0,3,3,recursive_1000_200,vetorial,FATUAL,0.5,0.9973902284244116,1.0,0.9999999999,0.9008887024384724
0,4,3,recursive_1000_200,vetorial,FATUAL,1.0,0.995366339769926,1.0,0.9999999999,0.9068452102576748
0,5,3,recursive_1000_200,vetorial,FATUAL,0.0,0.9319280911110646,0.5,0.9999999999,0.7646415204685459
0,6,3,recursive_1000_200,vetorial,FATUAL,1.0,0.9999999999999996,1.0,0.9999999999,0.8618491467663993
0,7,3,recursive_1000_200,vetorial,FATUAL,0.0,0.994886925888154,1.0,0.9999999999,0.8442746670353636
0,8,3,recursive_1000_200,vetorial,FATUAL,0.6666666666666666,0.9984232189213496,1.0,0.9999999999,0.9021197901107424
0,9,3,recursive_1000_200,vetorial,FATUAL,1.0,0.9972968670998038,1.0,0.9999999999,0.8881291739580931
0,10,3,recursive_1000_200,vetorial,SÍNTESE,1.0,0.9664233449935984,0.2857142857142857,0.9999999999,0.8264088304922569
0,11,3,recursive_1000_200,vetorial,SÍNTESE,1.0,0.9422514007334546,1.0,0.9999999999,0.8358947376491037
0,12,3,recursive_1000_200,vetorial,SÍNTESE,1.0,0.9794927547984869,1.0,0.9999999999,0.8245388362233331
0,13,3,recursive_1000_200,vetorial,SÍNTESE,1.0,0.8753320558394974,1.0,0.9999999999,0.7580625975055905
0,14,3,recursive_1000_200,vetorial,SÍNTESE,0.75,0.999997933647266,0.5,0.9999999999,0.8922513049796543
0,15,3,recursive_1000_200,vetorial,SÍNTESE,1.0,0.993400809053518,0.5555555555555556,0.9999999999,0.8259161177505003
0,16,3,recursive_1000_200,vetorial,SÍNTESE,1.0,0.9080675818229887,1.0,0.9999999999,0.8012338208930322
0,17,3,recursive_1000_200,vetorial,SÍNTESE,1.0,0.9448904279498548,0.2727272727272727,0.9999999999,0.7838627950847492
0,18,3,recursive_1000_200,vetorial,SÍNTESE,0.8571428571428571,0.8675833333413053,0.3333333333333333,0.9999999999,0.7250399742710881
0,19,3,recursive_1000_200,vetorial,SÍNTESE,1.0,0.9999999999999994,1.0,0.9999999999,0.8374252738540056
0,20,3,recursive_1000_200,vetorial,PROCEDIMENTAL,1.0,0.9945361772380846,1.0,0.9999999999,0.6898585964881584
0,21,3,recursive_1000_200,vetorial,PROCEDIMENTAL,0.5,0.0,0.0,0.0,0.3008838122054369
0,22,3,recursive_1000_200,vetorial,PROCEDIMENTAL,0.8,0.0,0.4,0.9999999999,0.6706614857180284
0,23,3,recursive_1000_200,vetorial,PROCEDIMENTAL,1.0,0.9941307026802,1.0,0.9999999999,0.7945452189033892
0,24,3,recursive_1000_200,vetorial,PROCEDIMENTAL,1.0,0.7666202027451473,1.0,0.9999999999,0.9349645897962922
0,25,3,recursive_1000_200,vetorial,PROCEDIMENTAL,1.0,0.853657336115364,1.0,0.9999999999,0.8611598822743227
0,26,3,recursive_1000_200,vetorial,PROCEDIMENTAL,1.0,0.9021881457383182,0.0,0.9999999999,0.7337473997239622
0,27,3,recursive_1000_200,vetorial,PROCEDIMENTAL,0.7857142857142857,1.0000000000000004,0.5,0.9999999999,0.703135127033101
0,28,3,recursive_1000_200,vetorial,PROCEDIMENTAL,0.0,0.0,0.5,0.9999999999,0.3364379296394826
0,29,3,recursive_1000_200,vetorial,PROCEDIMENTAL,1.0,0.9998015767481826,0.0,0.9999999999,0.4355038037253722
0,30,3,recursive_1000_200,vetorial,AGULHA NO PALHEIRO,0.6666666666666666,0.9844900081860306,1.0,0.9999999999,0.9510249059666828
0,31,3,recursive_1000_200,vetorial,AGULHA NO PALHEIRO,1.0,0.9551097827540604,1.0,0.9999999999,0.7777228100270508
0,32,3,recursive_1000_200,vetorial,AGULHA NO PALHEIRO,0.3333333333333333,0.9396161875161678,1.0,0.9999999999,0.9081530652078202
0,33,3,recursive_1000_200,vetorial,AGULHA NO PALHEIRO,0.0,0.9762574577288337,1.0,0.9999999999,0.8028046372815449
0,34,3,recursive_1000_200,vetorial,AGULHA NO PALHEIRO,1.0,0.9968327696790878,1.0,0.9999999999,0.9124896445137564
0,35,3,recursive_1000_200,vetorial,AGULHA NO PALHEIRO,1.0,0.8465676642943967,1.0,0.9999999999,0.7815136413209962
0,36,3,recursive_1000_200,vetorial,AGULHA NO PALHEIRO,1.0,0.7087463800073796,1.0,0.9999999999,0.9506676034494426
0,37,3,recursive_1000_200,vetorial,AGULHA NO PALHEIRO,1.0,0.6111167118215644,1.0,0.9999999999,0.9416816642746276
0,38,3,recursive_1000_200,vetorial,AGULHA NO PALHEIRO,1.0,0.9970999035702152,1.0,0.9999999999,0.8257810614464955
0,39,3,recursive_1000_200,vetorial,AGULHA NO PALHEIRO,1.0,0.997411552023614,1.0,0.9999999999,0.871262195439003
0,40,3,recursive_1000_200,vetorial,DEPENDENTE DE HISTÓRICO,1.0,0.9273882868346698,1.0,0.9999999999,0.7153191776697378
0,41,3,recursive_1000_200,vetorial,DEPENDENTE DE HISTÓRICO,0.0,0.0,0.0,0.0,0.28771313537957
0,42,3,recursive_1000_200,vetorial,DEPENDENTE DE HISTÓRICO,0.6666666666666666,0.9567352363348688,0.0,0.0,0.4945249907776404
0,43,3,recursive_1000_200,vetorial,DEPENDENTE DE HISTÓRICO,0.0,0.0,0.2,0.9999999999,0.3057689888623025
0,44,3,recursive_1000_200,vetorial,DEPENDENTE DE HISTÓRICO,1.0,0.942862013464886,0.0,0.9999999999,0.6013521624528276
0,45,3,recursive_1000_200,vetorial,DEPENDENTE DE HISTÓRICO,0.6666666666666666,0.5649910383926211,0.0,0.0,0.6605625470314431
0,46,3,recursive_1000_200,vetorial,DEPENDENTE DE HISTÓRICO,1.0,0.961243251096682,1.0,0.9999999999,0.8290068762986622
0,47,3,recursive_1000_200,vetorial,DEPENDENTE DE HISTÓRICO,0.5,0.0,0.0,0.9999999999,0.3619535977027853
0,48,3,recursive_1000_200,vetorial,DEPENDENTE DE HISTÓRICO,0.75,0.9621994795107676,1.0,0.9999999999,0.7595950122814242
0,49,3,recursive_1000_200,vetorial,DEPENDENTE DE HISTÓRICO,1.0,0.9247183057098955,1.0,0.9999999999,0.830948832135137
0,50,3,recursive_1000_200,vetorial,DEPENDENTE DE HISTÓRICO,1.0,0.9336041567328822,1.0,0.9999999999,0.6782265025301696
0,51,3,recursive_1000_200,vetorial,DEPENDENTE DE HISTÓRICO,1.0,0.7675855851598525,1.0,0.9999999999,0.6484881955177197
0,52,3,recursive_1000_200,vetorial,DEPENDENTE DE HISTÓRICO,1.0,0.960580025976964,0.0,0.9999999999,0.7073225733950081
0,53,3,recursive_1000_200,vetorial,DEPENDENTE DE HISTÓRICO,0.5,0.0,1.0,0.9999999999,0.3369947738428698
0,54,3,recursive_1000_200,vetorial,DEPENDENTE DE HISTÓRICO,1.0,0.9187261545654763,1.0,0.9999999999,0.8503122419139606
0,55,3,recursive_1000_200,vetorial,DEPENDENTE DE HISTÓRICO,0.0,0.0,0.0,0.9999999999,0.3358689143541348
0,56,3,recursive_1000_200,vetorial,DEPENDENTE DE HISTÓRICO,1.0,0.9118045538018978,1.0,0.9999999999,0.9197964652300982
0,57,3,recursive_1000_200,vetorial,DEPENDENTE DE HISTÓRICO,0.75,0.6194193766729845,1.0,0.9999999999,0.746207043645043
0,58,3,recursive_1000_200,vetorial,DEPENDENTE DE HISTÓRICO,0.5,0.0,0.0,0.9999999999,0.317012597419238
0,59,3,recursive_1000_200,vetorial,DEPENDENTE DE HISTÓRICO,0.0,0.7503615581759248,0.0,0.9999999999,0.7908771514638029
1,0,3,recursive_1000_200,hibrida,FATUAL,1.0,0.9914884716008886,1.0,0.9999999999,0.8896148517799178
1,1,3,recursive_1000_200,hibrida,FATUAL,0.5,0.0,0.0,0.0,0.2825969282842713
1,2,3,recursive_1000_200,hibrida,FATUAL,1.0,1.0,1.0,0.9999999999,0.9795410649418288
1,3,3,recursive_1000_200,hibrida,FATUAL,0.5,0.9973902284244116,1.0,0.9999999999,0.9008887024384724
1,4,3,recursive_1000_200,hibrida,FATUAL,1.0,0.995366339769926,1.0,0.9999999999,0.9068452102576748
1,5,3,recursive_1000_200,hibrida,FATUAL,0.3333333333333333,0.9319280911110646,0.0,0.9999999999,0.7646415204685459
1,6,3,recursive_1000_200,hibrida,FATUAL,1.0,0.9999999999999996,0.5,0.9999999999,0.8618029033403551
1,7,3,recursive_1000_200,hibrida,FATUAL,0.0,0.994886925888154,1.0,0.9999999999,0.8442746670353636
1,8,3,recursive_1000_200,hibrida,FATUAL,0.6666666666666666,0.9984232189213496,1.0,0.9999999999,0.9021197901107424
1,9,3,recursive_1000_200,hibrida,FATUAL,1.0,0.9972968670998038,1.0,0.9999999999,0.8881291739580931
1,10,3,recursive_1000_200,hibrida,SÍNTESE,1.0,0.9664364901954364,0.0,0.9999999999,0.8287984021693894
1,11,3,recursive_1000_200,hibrida,SÍNTESE,1.0,0.9422314510883586,1.0,0.9999999999,0.8359162887531622
1,12,3,recursive_1000_200,hibrida,SÍNTESE,1.0,0.9794927547984869,1.0,0.9999999999,0.8372461353667651
1,13,3,recursive_1000_200,hibrida,SÍNTESE,1.0,0.8756419396003435,1.0,0.9999999999,0.7580625975055905
1,14,3,recursive_1000_200,hibrida,SÍNTESE,1.0,0.9999986097090722,0.5,0.9999999999,0.8895740734718938
1,15,3,recursive_1000_200,hibrida,SÍNTESE,1.0,0.993400809053518,0.5555555555555556,0.9999999999,0.8238037336830117
1,16,3,recursive_1000_200,hibrida,SÍNTESE,1.0,0.9080675818229887,1.0,0.9999999999,0.8040980613470161
1,17,3,recursive_1000_200,hibrida,SÍNTESE,1.0,0.944820886135736,0.2727272727272727,0.9999999999,0.7947160840919043
1,18,3,recursive_1000_200,hibrida,SÍNTESE,0.8571428571428571,0.8675833333413053,0.3333333333333333,0.9999999999,0.7253507703843873
1,19,3,recursive_1000_200,hibrida,SÍNTESE,1.0,0.9999999999999994,1.0,0.9999999999,0.8412020716924985
1,20,3,recursive_1000_200,hibrida,PROCEDIMENTAL,1.0,0.9945361772380846,1.0,0.9999999999,0.6934311920009916
1,21,3,recursive_1000_200,hibrida,PROCEDIMENTAL,0.5,0.0,0.0,0.0,0.3008838122054369
1,22,3,recursive_1000_200,hibrida,PROCEDIMENTAL,0.5,0.0,0.4,0.9999999999,0.2751535222065346
1,23,3,recursive_1000_200,hibrida,PROCEDIMENTAL,1.0,0.9941307026802,1.0,0.9999999999,0.7945452189033892
1,24,3,recursive_1000_200,hibrida,PROCEDIMENTAL,1.0,0.9223890724933392,1.0,0.9999999999,0.9236105112080252
1,25,3,recursive_1000_200,hibrida,PROCEDIMENTAL,1.0,0.8845231629084189,1.0,0.9999999999,0.8678750325413043
1,26,3,recursive_1000_200,hibrida,PROCEDIMENTAL,1.0,0.889446809758429,0.0,0.9999999999,0.7367288030335262
1,27,3,recursive_1000_200,hibrida,PROCEDIMENTAL,1.0,1.0000000000000004,0.5,0.9999999999,0.6977875406564
1,28,3,recursive_1000_200,hibrida,PROCEDIMENTAL,0.0,0.0,0.5,0.9999999999,0.3364379296394826
1,29,3,recursive_1000_200,hibrida,PROCEDIMENTAL,1.0,0.9774247986647392,0.0,0.9999999999,0.447279236554625
1,30,3,recursive_1000_200,hibrida,AGULHA NO PALHEIRO,0.6666666666666666,0.9844900081860306,1.0,0.9999999999,0.9510249059666828
1,31,3,recursive_1000_200,hibrida,AGULHA NO PALHEIRO,1.0,0.9551097827540604,1.0,0.9999999999,0.7777228100270508
1,32,3,recursive_1000_200,hibrida,AGULHA NO PALHEIRO,0.3333333333333333,0.9396161875161678,1.0,0.9999999999,0.9081530652078202
1,33,3,recursive_1000_200,hibrida,AGULHA NO PALHEIRO,0.5,0.9762574577288337,1.0,0.9999999999,0.8028046372815449
1,34,3,recursive_1000_200,hibrida,AGULHA NO PALHEIRO,1.0,0.9968327696790878,1.0,0.9999999999,0.9124896445137564
1,35,3,recursive_1000_200,hibrida,AGULHA NO PALHEIRO,1.0,0.8492624060086786,1.0,0.9999999999,0.7815136413209962
1,36,3,recursive_1000_200,hibrida,AGULHA NO PALHEIRO,1.0,0.7087463800073796,1.0,0.9999999999,0.9506676034494426
1,37,3,recursive_1000_200,hibrida,AGULHA NO PALHEIRO,1.0,0.6111167118215644,1.0,0.9999999999,0.9416816642746276
1,38,3,recursive_1000_200,hibrida,AGULHA NO PALHEIRO,1.0,0.9970999035702152,1.0,0.9999999999,0.8257810614464955
1,39,3,recursive_1000_200,hibrida,AGULHA NO PALHEIRO,0.6666666666666666,0.997411552023614,1.0,0.9999999999,0.871262195439003
1,40,3,recursive_1000_200,hibrida,DEPENDENTE DE HISTÓRICO,1.0,0.9273882868346698,1.0,0.9999999999,0.7153191776697378
1,41,3,recursive_1000_200,hibrida,DEPENDENTE DE HISTÓRICO,0.0,0.0,0.0,0.0,0.28771313537957
1,42,3,recursive_1000_200,hibrida,DEPENDENTE DE HISTÓRICO,0.6666666666666666,0.9567452767585466,0.0,0.0,0.4945249907776404
1,43,3,recursive_1000_200,hibrida,DEPENDENTE DE HISTÓRICO,0.0,0.0,0.2,0.9999999999,0.3057689888623025
1,44,3,recursive_1000_200,hibrida,DEPENDENTE DE HISTÓRICO,0.6666666666666666,0.942862013464886,0.0,0.9999999999,0.6119524680690809
1,45,3,recursive_1000_200,hibrida,DEPENDENTE DE HISTÓRICO,0.6666666666666666,0.5649910383926211,0.0,0.0,0.6605625470314431
1,46,3,recursive_1000_200,hibrida,DEPENDENTE DE HISTÓRICO,1.0,0.961243251096682,1.0,0.9999999999,0.8290534131358617
1,47,3,recursive_1000_200,hibrida,DEPENDENTE DE HISTÓRICO,0.5,0.0,0.0,0.0,0.3619535977027853
1,48,3,recursive_1000_200,hibrida,DEPENDENTE DE HISTÓRICO,0.75,0.9563153644880312,1.0,0.9999999999,0.7595950122814242
1,49,3,recursive_1000_200,hibrida,DEPENDENTE DE HISTÓRICO,1.0,0.9247183057098955,1.0,0.9999999999,0.830948832135137
1,50,3,recursive_1000_200,hibrida,DEPENDENTE DE HISTÓRICO,1.0,0.9336041567328822,1.0,0.9999999999,0.6783476110140416
1,51,3,recursive_1000_200,hibrida,DEPENDENTE DE HISTÓRICO,1.0,0.7676994489202409,1.0,0.9999999999,0.6484881955177197
1,52,3,recursive_1000_200,hibrida,DEPENDENTE DE HISTÓRICO,1.0,0.960580025976964,0.0,0.9999999999,0.7073225733950081
1,53,3,recursive_1000_200,hibrida,DEPENDENTE DE HISTÓRICO,0.5,0.0,1.0,0.9999999999,0.3369947738428698
1,54,3,recursive_1000_200,hibrida,DEPENDENTE DE HISTÓRICO,1.0,0.9502100523020692,1.0,0.9999999999,0.8503122419139606
1,55,3,recursive_1000_200,hibrida,DEPENDENTE DE HISTÓRICO,0.5,0.0,0.5,0.9999999999,0.3358689143541348
1,56,3,recursive_1000_200,hibrida,DEPENDENTE DE HISTÓRICO,1.0,0.9108151612172324,1.0,0.9999999999,0.9206062936158932
1,57,3,recursive_1000_200,hibrida,DEPENDENTE DE HISTÓRICO,0.75,0.0,1.0,0.9999999999,0.746207043645043
1,58,3,recursive_1000_200,hibrida,DEPENDENTE DE HISTÓRICO,0.5,0.0,0.0,0.9999999999,0.3169525537830538
1,59,3,recursive_1000_200,hibrida,DEPENDENTE DE HISTÓRICO,0.0,0.806196621172138,0.0,0.9999999999,0.790843264982428
2,0,3,recursive_500_100,vetorial,FATUAL,1.0,0.0,0.0,0.9999999999,0.2908791743052841
2,1,3,recursive_500_100,vetorial,FATUAL,0.5,0.0,0.0,0.0,0.2825969282842713
2,2,3,recursive_500_100,vetorial,FATUAL,1.0,1.0,1.0,0.9999999999,0.9795410649418288
2,3,3,recursive_500_100,vetorial,FATUAL,1.0,0.9973902284244116,0.0,0.9999999999,0.8969328233608056
2,4,3,recursive_500_100,vetorial,FATUAL,1.0,0.995366339769926,1.0,0.9999999999,0.8702778642568663
2,5,3,recursive_500_100,vetorial,FATUAL,0.3333333333333333,0.7787328039236238,0.0,0.9999999999,0.7024179329496218
2,6,3,recursive_500_100,vetorial,FATUAL,1.0,0.9999999999999996,1.0,0.9999999999,0.8391097713226815
2,7,3,recursive_500_100,vetorial,FATUAL,1.0,0.0,1.0,0.9999999999,0.7530972961429825
2,8,3,recursive_500_100,vetorial,FATUAL,1.0,0.994959308795282,1.0,0.9999999999,0.9026768408824636
2,9,3,recursive_500_100,vetorial,FATUAL,1.0,0.9972968670998038,1.0,0.9999999999,0.8881291739580931
2,10,3,recursive_500_100,vetorial,SÍNTESE,1.0,0.9664233449935984,0.0,0.9999999999,0.8057486959454345
2,11,3,recursive_500_100,vetorial,SÍNTESE,1.0,0.9422314510883586,0.3636363636363636,0.9999999999,0.7571403760151367
2,12,3,recursive_500_100,vetorial,SÍNTESE,0.5,0.8891241809625474,0.6666666666666666,0.9999999999,0.795756068544806
2,13,3,recursive_500_100,vetorial,SÍNTESE,1.0,0.8055713038239798,0.3333333333333333,0.9999999999,0.6534028403383473
2,14,3,recursive_500_100,vetorial,SÍNTESE,0.0,0.0,0.5,0.9999999999,0.3293896434512423
2,15,3,recursive_500_100,vetorial,SÍNTESE,1.0,0.9999977028110202,0.0,0.9999999999,0.7304264583829365
2,16,3,recursive_500_100,vetorial,SÍNTESE,1.0,0.9080675818229887,0.6,0.9999999999,0.7825460765869734
2,17,3,recursive_500_100,vetorial,SÍNTESE,0.5,0.0,0.0,0.9999999999,0.2908592112014727
2,18,3,recursive_500_100,vetorial,SÍNTESE,0.8,0.8671383878893572,0.0,0.9999999999,0.718049872482003
2,19,3,recursive_500_100,vetorial,SÍNTESE,0.6666666666666666,0.9999999999999994,0.6666666666666666,0.9999999999,0.8476627460056029
2,20,3,recursive_500_100,vetorial,PROCEDIMENTAL,0.7777777777777778,0.9945361772380846,1.0,0.9999999999,0.7011251825233339
2,21,3,recursive_500_100,vetorial,PROCEDIMENTAL,1.0,0.9155377041678308,0.0,0.0,0.6036638193606508
2,22,3,recursive_500_100,vetorial,PROCEDIMENTAL,0.0,0.0,0.0,0.9999999999,0.2753693196962847
2,23,3,recursive_500_100,vetorial,PROCEDIMENTAL,1.0,0.8576700960458834,0.5,0.9999999999,0.7340863674508222
2,24,3,recursive_500_100,vetorial,PROCEDIMENTAL,0.8,0.7814248659157831,0.5,0.9999999999,0.7680559001739808
2,25,3,recursive_500_100,vetorial,PROCEDIMENTAL,1.0,0.8845231629084189,1.0,0.9999999999,0.8658678870674095
2,26,3,recursive_500_100,vetorial,PROCEDIMENTAL,1.0,0.6993132291208003,0.0,0.9999999999,0.6340658111970285
2,27,3,recursive_500_100,vetorial,PROCEDIMENTAL,0.5555555555555556,1.0000000000000004,0.0,0.9999999999,0.6554225416546016
2,28,3,recursive_500_100,vetorial,PROCEDIMENTAL,1.0,0.9745400134937796,0.0,0.9999999999,0.5990798003770558
2,29,3,recursive_500_100,vetorial,PROCEDIMENTAL,1.0,0.9836249646339812,0.0,0.0,0.4328017134461897
2,30,3,recursive_500_100,vetorial,AGULHA NO PALHEIRO,0.6666666666666666,0.9844900081860306,1.0,0.9999999999,0.9546642932553564
2,31,3,recursive_500_100,vetorial,AGULHA NO PALHEIRO,0.0,0.0,0.0,0.9999999999,0.3194751674316038
2,32,3,recursive_500_100,vetorial,AGULHA NO PALHEIRO,0.6666666666666666,0.9798660839968109,1.0,0.9999999999,0.8612831865318118
2,33,3,recursive_500_100,vetorial,AGULHA NO PALHEIRO,0.5,0.9762574577288337,1.0,0.9999999999,0.8028046372815449
2,34,3,recursive_500_100,vetorial,AGULHA NO PALHEIRO,0.6666666666666666,0.0,0.0,0.0,0.3027234865498557
2,35,3,recursive_500_100,vetorial,AGULHA NO PALHEIRO,1.0,0.8319592694245945,0.0,0.0,0.7303508438464913
2,36,3,recursive_500_100,vetorial,AGULHA NO PALHEIRO,0.0,0.0,1.0,0.9999999999,0.3080125934134132
2,37,3,recursive_500_100,vetorial,AGULHA NO PALHEIRO,1.0,0.6111167118215644,1.0,0.9999999999,0.9416816642746276
2,38,3,recursive_500_100,vetorial,AGULHA NO PALHEIRO,1.0,0.9970999035702152,1.0,0.9999999999,0.8232947779290669
2,39,3,recursive_500_100,vetorial,AGULHA NO PALHEIRO,1.0,0.997411552023614,1.0,0.9999999999,0.8726216940541931
2,40,3,recursive_500_100,vetorial,DEPENDENTE DE HISTÓRICO,1.0,0.9273882868346698,1.0,0.9999999999,0.6362324698302346
2,41,3,recursive_500_100,vetorial,DEPENDENTE DE HISTÓRICO,1.0,0.6273755253668336,0.5,0.0,0.7405209127445673
2,42,3,recursive_500_100,vetorial,DEPENDENTE DE HISTÓRICO,0.5,0.0,0.0,0.0,0.228274587684974
2,43,3,recursive_500_100,vetorial,DEPENDENTE DE HISTÓRICO,1.0,0.6617751909982158,0.3333333333333333,0.9999999999,0.838210060805392
2,44,3,recursive_500_100,vetorial,DEPENDENTE DE HISTÓRICO,0.0,0.0,0.0,0.0,0.2835996743921822
2,45,3,recursive_500_100,vetorial,DEPENDENTE DE HISTÓRICO,1.0,0.5892648614282052,0.0,0.0,0.7025272955731297
2,46,3,recursive_500_100,vetorial,DEPENDENTE DE HISTÓRICO,1.0,0.961243251096682,1.0,0.9999999999,0.8355009126630792
2,47,3,recursive_500_100,vetorial,DEPENDENTE DE HISTÓRICO,0.5,0.9396155540490232,0.6666666666666666,0.9999999999,0.7838860335753267
2,48,3,recursive_500_100,vetorial,DEPENDENTE DE HISTÓRICO,1.0,0.9006285544086349,1.0,0.9999999999,0.5843146893322637
2,49,3,recursive_500_100,vetorial,DEPENDENTE DE HISTÓRICO,1.0,0.9247183057098955,1.0,0.9999999999,0.8456975307637556
2,50,3,recursive_500_100,vetorial,DEPENDENTE DE HISTÓRICO,1.0,0.8033848510791834,0.0,0.0,0.8041999671597322
2,51,3,recursive_500_100,vetorial,DEPENDENTE DE HISTÓRICO,1.0,0.7675720671719755,1.0,0.9999999999,0.6484881955177197
2,52,3,recursive_500_100,vetorial,DEPENDENTE DE HISTÓRICO,1.0,0.9605703766168076,0.0,0.9999999999,0.5439404834184807
2,53,3,recursive_500_100,vetorial,DEPENDENTE DE HISTÓRICO,1.0,0.8345183321694712,0.0,0.9999999999,0.6800255469361232
2,54,3,recursive_500_100,vetorial,DEPENDENTE DE HISTÓRICO,0.6666666666666666,0.9187261545654763,0.5,0.9999999999,0.8524329152425768
2,55,3,recursive_500_100,vetorial,DEPENDENTE DE HISTÓRICO,0.625,0.7014328583221062,0.0,0.9999999999,0.5229526626578587
2,56,3,recursive_500_100,vetorial,DEPENDENTE DE HISTÓRICO,1.0,0.9108151612172324,1.0,0.9999999999,0.9116396012455676
2,57,3,recursive_500_100,vetorial,DEPENDENTE DE HISTÓRICO,0.75,0.0,1.0,0.9999999999,0.746207043645043
2,58,3,recursive_500_100,vetorial,DEPENDENTE DE HISTÓRICO,0.75,0.9334967820726068,1.0,0.9999999999,0.7846829906455689
2,59,3,recursive_500_100,vetorial,DEPENDENTE DE HISTÓRICO,1.0,0.9178782432024069,1.0,0.9999999999,0.8869832837128628
3,0,3,recursive_500_100,hibrida,FATUAL,0.5,0.0,0.0,0.9999999999,0.2908791743052841
3,1,3,recursive_500_100,hibrida,FATUAL,0.5,0.0,0.0,0.0,0.2825969282842713
3,2,3,recursive_500_100,hibrida,FATUAL,1.0,1.0,1.0,0.9999999999,0.9795330086440308
3,3,3,recursive_500_100,hibrida,FATUAL,1.0,0.9973902284244116,0.0,0.9999999999,0.8969328233608056
3,4,3,recursive_500_100,hibrida,FATUAL,1.0,0.995366339769926,1.0,0.9999999999,0.8684210243333167
3,5,3,recursive_500_100,hibrida,FATUAL,0.3333333333333333,0.7787328039236238,0.0,0.9999999999,0.7024179329496218
3,6,3,recursive_500_100,hibrida,FATUAL,1.0,0.9999994702553092,1.0,0.9999999999,0.8391097713226815
3,7,3,recursive_500_100,hibrida,FATUAL,0.0,0.0,1.0,0.9999999999,0.2745386580245033
3,8,3,recursive_500_100,hibrida,FATUAL,1.0,0.9832077579701588,1.0,0.9999999999,0.9026768408824636
3,9,3,recursive_500_100,hibrida,FATUAL,1.0,0.9972969730236452,1.0,0.9999999999,0.8881291739580931
3,10,3,recursive_500_100,hibrida,SÍNTESE,1.0,0.9664364901954364,0.0,0.9999999999,0.807375791364
3,11,3,recursive_500_100,hibrida,SÍNTESE,1.0,0.9422314510883586,0.3636363636363636,0.9999999999,0.7750158069316192
3,12,3,recursive_500_100,hibrida,SÍNTESE,1.0,0.8891241809625474,0.6666666666666666,0.9999999999,0.7957864179328513
3,13,3,recursive_500_100,hibrida,SÍNTESE,1.0,0.8055713038239798,0.3333333333333333,0.9999999999,0.6534028403383473
3,14,3,recursive_500_100,hibrida,SÍNTESE,0.0,0.0,0.5,0.9999999999,0.3293896434512423
3,15,3,recursive_500_100,hibrida,SÍNTESE,0.5,0.0,0.0,0.9999999999,0.2683463882228655
3,16,3,recursive_500_100,hibrida,SÍNTESE,1.0,0.9080675818229887,0.6,0.9999999999,0.7844707011997505
3,17,3,recursive_500_100,hibrida,SÍNTESE,0.0,0.0,0.0,0.9999999999,0.2908592112014727
3,18,3,recursive_500_100,hibrida,SÍNTESE,0.8,0.8671364639741969,0.3333333333333333,0.9999999999,0.718049872482003
3,19,3,recursive_500_100,hibrida,SÍNTESE,0.6666666666666666,0.9999999999999994,0.6666666666666666,0.9999999999,0.8476627460056029
3,20,3,recursive_500_100,hibrida,PROCEDIMENTAL,0.75,0.9945361772380846,0.0,0.9999999999,0.6291881201897922
3,21,3,recursive_500_100,hibrida,PROCEDIMENTAL,1.0,0.9155377041678308,0.0,0.0,0.6036638193606508
3,22,3,recursive_500_100,hibrida,PROCEDIMENTAL,0.5,0.0,0.0,0.9999999999,0.2751535222065346
3,23,3,recursive_500_100,hibrida,PROCEDIMENTAL,1.0,0.8576700960458834,1.0,0.9999999999,0.7340743753186664
3,24,3,recursive_500_100,hibrida,PROCEDIMENTAL,1.0,0.7814248659157831,0.5,0.9999999999,0.7670388715107982
3,25,3,recursive_500_100,hibrida,PROCEDIMENTAL,0.875,0.892063325391559,1.0,0.9999999999,0.8169315142360912
3,26,3,recursive_500_100,hibrida,PROCEDIMENTAL,1.0,0.6993132291208003,0.0,0.9999999999,0.6340658111970285
3,27,3,recursive_500_100,hibrida,PROCEDIMENTAL,0.875,1.0000000000000004,0.0,0.9999999999,0.6665540603214962
3,28,3,recursive_500_100,hibrida,PROCEDIMENTAL,1.0,0.9946163268389256,0.0,0.9999999999,0.6008539635469307
3,29,3,recursive_500_100,hibrida,PROCEDIMENTAL,1.0,0.9734483513667076,0.0,0.0,0.4344236036203907
3,30,3,recursive_500_100,hibrida,AGULHA NO PALHEIRO,0.6666666666666666,0.9844900081860306,1.0,0.9999999999,0.9546642932553564
3,31,3,recursive_500_100,hibrida,AGULHA NO PALHEIRO,0.0,0.0,0.0,0.0,0.3194751674316038
3,32,3,recursive_500_100,hibrida,AGULHA NO PALHEIRO,0.6666666666666666,0.9798660839968109,1.0,0.9999999999,0.8612831865318118
3,33,3,recursive_500_100,hibrida,AGULHA NO PALHEIRO,0.5,0.9762574577288337,1.0,0.9999999999,0.8028046372815449
3,34,3,recursive_500_100,hibrida,AGULHA NO PALHEIRO,0.6666666666666666,0.0,0.0,0.0,0.3027234865498557
3,35,3,recursive_500_100,hibrida,AGULHA NO PALHEIRO,1.0,0.8434317378431914,0.0,0.0,0.7303508438464913
3,36,3,recursive_500_100,hibrida,AGULHA NO PALHEIRO,0.0,0.0,1.0,0.9999999999,0.3080125934134132
3,37,3,recursive_500_100,hibrida,AGULHA NO PALHEIRO,1.0,0.6111167118215644,1.0,0.9999999999,0.9416816642746276
3,38,3,recursive_500_100,hibrida,AGULHA NO PALHEIRO,1.0,0.9970999035702152,1.0,0.9999999999,0.8257810614464955
3,39,3,recursive_500_100,hibrida,AGULHA NO PALHEIRO,1.0,0.997411552023614,1.0,0.9999999999,0.8726033841795113
3,40,3,recursive_500_100,hibrida,DEPENDENTE DE HISTÓRICO,1.0,0.9273882868346698,1.0,0.9999999999,0.6362324698302346
3,41,3,recursive_500_100,hibrida,DEPENDENTE DE HISTÓRICO,1.0,0.6191562899652397,0.5,0.0,0.7405209127445673
3,42,3,recursive_500_100,hibrida,DEPENDENTE DE HISTÓRICO,0.5,0.0,0.0,0.0,0.228274587684974
3,43,3,recursive_500_100,hibrida,DEPENDENTE DE HISTÓRICO,1.0,0.661767527706998,0.3333333333333333,0.9999999999,0.838210060805392
3,44,3,recursive_500_100,hibrida,DEPENDENTE DE HISTÓRICO,0.0,0.0,0.0,0.0,0.2835996743921822
3,45,3,recursive_500_100,hibrida,DEPENDENTE DE HISTÓRICO,1.0,0.5758277067226141,0.0,0.9999999999,0.6854064498523802
3,46,3,recursive_500_100,hibrida,DEPENDENTE DE HISTÓRICO,1.0,0.961243251096682,1.0,0.9999999999,0.8355009126630792
3,47,3,recursive_500_100,hibrida,DEPENDENTE DE HISTÓRICO,0.5,0.9396155540490232,0.3333333333333333,0.9999999999,0.783164528308075
3,48,3,recursive_500_100,hibrida,DEPENDENTE DE HISTÓRICO,1.0,0.922073793676152,1.0,0.9999999999,0.5843146893322637
3,49,3,recursive_500_100,hibrida,DEPENDENTE DE HISTÓRICO,1.0,0.9247183057098955,1.0,0.9999999999,0.8456975307637556
3,50,3,recursive_500_100,hibrida,DEPENDENTE DE HISTÓRICO,1.0,0.8025110316085197,0.0,0.0,0.8041999671597322
3,51,3,recursive_500_100,hibrida,DEPENDENTE DE HISTÓRICO,1.0,0.7555586937238026,1.0,0.9999999999,0.6484881955177197
3,52,3,recursive_500_100,hibrida,DEPENDENTE DE HISTÓRICO,0.75,0.960580025976964,0.0,0.9999999999,0.5440415311736507
3,53,3,recursive_500_100,hibrida,DEPENDENTE DE HISTÓRICO,1.0,0.821524455767431,0.0,0.9999999999,0.6761325599865702
3,54,3,recursive_500_100,hibrida,DEPENDENTE DE HISTÓRICO,0.6666666666666666,0.9187261545654763,0.5,0.9999999999,0.8524329152425768
3,55,3,recursive_500_100,hibrida,DEPENDENTE DE HISTÓRICO,0.6,0.7779324635402011,0.0,0.9999999999,0.5249221191267959
3,56,3,recursive_500_100,hibrida,DEPENDENTE DE HISTÓRICO,1.0,0.911805372481628,0.6666666666666666,0.9999999999,0.9115504394905816
3,57,3,recursive_500_100,hibrida,DEPENDENTE DE HISTÓRICO,0.75,0.0,1.0,0.9999999999,0.746207043645043
3,58,3,recursive_500_100,hibrida,DEPENDENTE DE HISTÓRICO,1.0,0.9334967820726068,1.0,0.9999999999,0.7847168530464279
3,59,3,recursive_500_100,hibrida,DEPENDENTE DE HISTÓRICO,1.0,0.917676949528224,1.0,0.9999999999,0.8814139188168015
4,0,5,recursive_1000_200,vetorial,FATUAL,1.0,0.9914884716008886,1.0,0.9999999999,0.8896148517799178
4,1,5,recursive_1000_200,vetorial,FATUAL,0.0,0.0,0.0,0.0,0.2825969282842713
4,2,5,recursive_1000_200,vetorial,FATUAL,0.5,1.0,1.0,0.9999999999,0.9825659898757084
4,3,5,recursive_1000_200,vetorial,FATUAL,0.5,0.9973902284244116,1.0,0.9999999999,0.9008887024384724
4,4,5,recursive_1000_200,vetorial,FATUAL,1.0,0.9953600246416812,1.0,0.9999999999,0.9068452102576748
4,5,5,recursive_1000_200,vetorial,FATUAL,1.0,0.7876945658245583,0.5,0.9999999999,0.7380541237615761
4,6,5,recursive_1000_200,vetorial,FATUAL,1.0,0.875643979516672,1.0,0.9999999999,0.9318773303955864
4,7,5,recursive_1000_200,vetorial,FATUAL,0.5,0.994886925888154,1.0,0.9999999999,0.8442746670353636
4,8,5,recursive_1000_200,vetorial,FATUAL,0.6666666666666666,0.9949552100953376,1.0,0.9999999999,0.9044269454579978
4,9,5,recursive_1000_200,vetorial,FATUAL,1.0,0.9972968670998038,1.0,0.9999999999,0.8881291739580931
4,10,5,recursive_1000_200,vetorial,SÍNTESE,0.7142857142857143,0.9664213466561168,0.0,0.9999999999,0.8223953364299315
4,11,5,recursive_1000_200,vetorial,SÍNTESE,1.0,0.9422314510883586,1.0,0.9999999999,0.8350226157263549
4,12,5,recursive_1000_200,vetorial,SÍNTESE,1.0,0.9794927547984869,1.0,0.9999999999,0.8096916158592055
4,13,5,recursive_1000_200,vetorial,SÍNTESE,1.0,0.8757044324642701,1.0,0.9999999999,0.7559213007332651
4,14,5,recursive_1000_200,vetorial,SÍNTESE,1.0,0.9999986097090722,1.0,0.9999999999,0.8968897739125288
4,15,5,recursive_1000_200,vetorial,SÍNTESE,1.0,0.993400809053518,0.5555555555555556,0.9999999999,0.8259161177505003
4,16,5,recursive_1000_200,vetorial,SÍNTESE,1.0,0.9080675818229887,1.0,0.9999999999,0.8043968208647176
4,17,5,recursive_1000_200,vetorial,SÍNTESE,1.0,0.9632418556331724,0.7272727272727273,0.9999999999,0.7937704254259994
4,18,5,recursive_1000_200,vetorial,SÍNTESE,0.8,0.8675833333413053,0.3333333333333333,0.9999999999,0.7102342596651996
4,19,5,recursive_1000_200,vetorial,SÍNTESE,1.0,0.9999999999999994,1.0,0.9999999999,0.8451297802569318
4,20,5,recursive_1000_200,vetorial,PROCEDIMENTAL,1.0,0.9945361772380846,1.0,0.9999999999,0.6640378450966921
4,21,5,recursive_1000_200,vetorial,PROCEDIMENTAL,0.5,0.0,0.0,0.0,0.3008838122054369
4,22,5,recursive_1000_200,vetorial,PROCEDIMENTAL,0.0,0.0,0.6,0.9999999999,0.2751535222065346
4,23,5,recursive_1000_200,vetorial,PROCEDIMENTAL,1.0,0.9059347568287668,1.0,0.9999999999,0.8480996885789132
4,24,5,recursive_1000_200,vetorial,PROCEDIMENTAL,1.0,0.7666202027451473,1.0,0.9999999999,0.9347838112355072
4,25,5,recursive_1000_200,vetorial,PROCEDIMENTAL,1.0,0.838242108929827,1.0,0.9999999999,0.8354608766860337
4,26,5,recursive_1000_200,vetorial,PROCEDIMENTAL,1.0,0.9263377238635916,0.0,0.9999999999,0.7346836177110361
4,27,5,recursive_1000_200,vetorial,PROCEDIMENTAL,0.9166666666666666,0.9999960074419312,0.5,0.9999999999,0.6917507746744466
4,28,5,recursive_1000_200,vetorial,PROCEDIMENTAL,1.0,0.9946163268389256,0.5,0.9999999999,0.5988856710502957
4,29,5,recursive_1000_200,vetorial,PROCEDIMENTAL,1.0,0.9998015767481826,0.0,0.9999999999,0.4560247067278489
4,30,5,recursive_1000_200,vetorial,AGULHA NO PALHEIRO,0.6666666666666666,0.9844900081860306,1.0,0.9999999999,0.9510249059666828
4,31,5,recursive_1000_200,vetorial,AGULHA NO PALHEIRO,1.0,0.9551097827540604,1.0,0.9999999999,0.7777228100270508
4,32,5,recursive_1000_200,vetorial,AGULHA NO PALHEIRO,0.0,0.0,1.0,0.9999999999,0.3575871487324714
4,33,5,recursive_1000_200,vetorial,AGULHA NO PALHEIRO,1.0,0.7696354433134882,1.0,0.9999999999,0.8584428133650606
4,34,5,recursive_1000_200,vetorial,AGULHA NO PALHEIRO,1.0,0.9968327696790878,1.0,0.9999999999,0.9124896445137564
4,35,5,recursive_1000_200,vetorial,AGULHA NO PALHEIRO,1.0,0.9170688681417328,1.0,0.9999999999,0.7134900638098346
4,36,5,recursive_1000_200,vetorial,AGULHA NO PALHEIRO,1.0,0.7087463800073796,1.0,0.9999999999,0.9506676034494426
4,37,5,recursive_1000_200,vetorial,AGULHA NO PALHEIRO,1.0,0.6111167118215644,1.0,0.9999999999,0.9416816642746276
4,38,5,recursive_1000_200,vetorial,AGULHA NO PALHEIRO,0.6666666666666666,0.8747838522479457,1.0,0.9999999999,0.7982344991362381
4,39,5,recursive_1000_200,vetorial,AGULHA NO PALHEIRO,1.0,0.997411552023614,1.0,0.9999999999,0.871262195439003
4,40,5,recursive_1000_200,vetorial,DEPENDENTE DE HISTÓRICO,0.8,0.9273882868346698,1.0,0.9999999999,0.7117785999719034
4,41,5,recursive_1000_200,vetorial,DEPENDENTE DE HISTÓRICO,1.0,0.0,0.0,0.9999999999,0.28771313537957
4,42,5,recursive_1000_200,vetorial,DEPENDENTE DE HISTÓRICO,0.5,0.0,0.0,0.0,0.228274587684974
4,43,5,recursive_1000_200,vetorial,DEPENDENTE DE HISTÓRICO,1.0,0.5012744583998598,1.0,0.9999999999,0.8369522234087436
4,44,5,recursive_1000_200,vetorial,DEPENDENTE DE HISTÓRICO,1.0,0.8882494228712178,0.0,0.9999999999,0.6041659786630534
4,45,5,recursive_1000_200,vetorial,DEPENDENTE DE HISTÓRICO,0.6666666666666666,0.5649910383926211,0.0,0.9999999999,0.6605625470314431
4,46,5,recursive_1000_200,vetorial,DEPENDENTE DE HISTÓRICO,1.0,0.961243251096682,1.0,0.9999999999,0.8290068762986622
4,47,5,recursive_1000_200,vetorial,DEPENDENTE DE HISTÓRICO,0.5,0.0,0.0,0.9999999999,0.3619535977027853
4,48,5,recursive_1000_200,vetorial,DEPENDENTE DE HISTÓRICO,0.75,0.9563153644880312,1.0,0.9999999999,0.7595950122814242
4,49,5,recursive_1000_200,vetorial,DEPENDENTE DE HISTÓRICO,1.0,0.9247119121111051,1.0,0.9999999999,0.8456975307637556
4,50,5,recursive_1000_200,vetorial,DEPENDENTE DE HISTÓRICO,1.0,0.9336041567328822,1.0,0.9999999999,0.6782265025301696
4,51,5,recursive_1000_200,vetorial,DEPENDENTE DE HISTÓRICO,1.0,0.7675855851598525,1.0,0.9999999999,0.6484881955177197
4,52,5,recursive_1000_200,vetorial,DEPENDENTE DE HISTÓRICO,1.0,0.960580025976964,1.0,0.9999999999,0.7073225733950081
4,53,5,recursive_1000_200,vetorial,DEPENDENTE DE HISTÓRICO,1.0,0.8339053389970754,1.0,0.9999999999,0.6409524796916808
4,54,5,recursive_1000_200,vetorial,DEPENDENTE DE HISTÓRICO,1.0,0.9187261545654763,1.0,0.9999999999,0.865883967130335
4,55,5,recursive_1000_200,vetorial,DEPENDENTE DE HISTÓRICO,1.0,0.6655648087522299,0.0,0.9999999999,0.5789794600000233
4,56,5,recursive_1000_200,vetorial,DEPENDENTE DE HISTÓRICO,1.0,0.9108151612172324,1.0,0.9999999999,0.9214494650926854
4,57,5,recursive_1000_200,vetorial,DEPENDENTE DE HISTÓRICO,0.75,0.0,1.0,0.9999999999,0.746207043645043
4,58,5,recursive_1000_200,vetorial,DEPENDENTE DE HISTÓRICO,0.0,0.0,0.0,0.9999999999,0.3169525537830538
4,59,5,recursive_1000_200,vetorial,DEPENDENTE DE HISTÓRICO,1.0,0.9177757406285684,0.5,0.9999999999,0.8056790088920329
5,0,5,recursive_1000_200,hibrida,FATUAL,1.0,0.9914884716008886,1.0,0.9999999999,0.8896148517799178
5,1,5,recursive_1000_200,hibrida,FATUAL,0.5,0.0,0.0,0.0,0.2825969282842713
5,2,5,recursive_1000_200,hibrida,FATUAL,1.0,1.0,1.0,0.9999999999,0.9825554314261494
5,3,5,recursive_1000_200,hibrida,FATUAL,0.5,0.9973902284244116,1.0,0.9999999999,0.9008887024384724
5,4,5,recursive_1000_200,hibrida,FATUAL,1.0,0.995366339769926,1.0,0.9999999999,0.9068452102576748
5,5,5,recursive_1000_200,hibrida,FATUAL,1.0,0.746768213438382,0.5,0.9999999999,0.7237529086913759
5,6,5,recursive_1000_200,hibrida,FATUAL,1.0,0.9999999999999996,0.5,0.9999999999,0.8618029033403551
5,7,5,recursive_1000_200,hibrida,FATUAL,0.5,0.994886925888154,1.0,0.9999999999,0.8442746670353636
5,8,5,recursive_1000_200,hibrida,FATUAL,0.6666666666666666,0.9773364630701784,1.0,0.9999999999,0.9044269454579978
5,9,5,recursive_1000_200,hibrida,FATUAL,1.0,0.9972968670998038,1.0,0.9999999999,0.8881291739580931
5,10,5,recursive_1000_200,hibrida,SÍNTESE,0.7142857142857143,0.9664233449935984,0.0,0.9999999999,0.8223953364299315
5,11,5,recursive_1000_200,hibrida,SÍNTESE,1.0,0.9422314510883586,1.0,0.9999999999,0.8350226157263549
5,12,5,recursive_1000_200,hibrida,SÍNTESE,1.0,0.9794927547984869,1.0,0.9999999999,0.8096916158592055
5,13,5,recursive_1000_200,hibrida,SÍNTESE,1.0,0.8759197892454194,1.0,0.9999999999,0.7559213007332651
5,14,5,recursive_1000_200,hibrida,SÍNTESE,1.0,0.9999986097090722,1.0,0.9999999999,0.896731614855826
5,15,5,recursive_1000_200,hibrida,SÍNTESE,1.0,0.993400809053518,0.5555555555555556,0.9999999999,0.8259161177505003
5,16,5,recursive_1000_200,hibrida,SÍNTESE,1.0,0.9080675818229887,1.0,0.9999999999,0.8043968208647176
5,17,5,recursive_1000_200,hibrida,SÍNTESE,1.0,0.9448904279498548,0.7272727272727273,0.9999999999,0.7945050457131572
5,18,5,recursive_1000_200,hibrida,SÍNTESE,0.8,0.8675833333413053,0.3333333333333333,0.9999999999,0.7102342596651996
5,19,5,recursive_1000_200,hibrida,SÍNTESE,1.0,0.9999999999999994,1.0,0.9999999999,0.8404866162221156
5,20,5,recursive_1000_200,hibrida,PROCEDIMENTAL,1.0,0.9945361772380846,1.0,0.9999999999,0.6811305488521293
5,21,5,recursive_1000_200,hibrida,PROCEDIMENTAL,1.0,0.0,0.0,0.0,0.3008838122054369
5,22,5,recursive_1000_200,hibrida,PROCEDIMENTAL,0.5,0.0,1.0,0.9999999999,0.2751535222065346
5,23,5,recursive_1000_200,hibrida,PROCEDIMENTAL,1.0,0.9048423254724994,1.0,0.9999999999,0.8480996885789132
5,24,5,recursive_1000_200,hibrida,PROCEDIMENTAL,1.0,0.7666202027451473,1.0,0.9999999999,0.9253972384082728
5,25,5,recursive_1000_200,hibrida,PROCEDIMENTAL,0.8888888888888888,0.838242108929827,1.0,0.9999999999,0.8354608766860337
5,26,5,recursive_1000_200,hibrida,PROCEDIMENTAL,1.0,0.889446809758429,0.0,0.9999999999,0.7337473997239622
5,27,5,recursive_1000_200,hibrida,PROCEDIMENTAL,0.9230769230769232,1.0000000000000004,0.5,0.9999999999,0.7027287884083325
5,28,5,recursive_1000_200,hibrida,PROCEDIMENTAL,1.0,0.9946202947736484,0.5,0.9999999999,0.5988856710502957
5,29,5,recursive_1000_200,hibrida,PROCEDIMENTAL,1.0,0.9998015767481826,0.0,0.9999999999,0.4450479014098876
5,30,5,recursive_1000_200,hibrida,AGULHA NO PALHEIRO,0.6666666666666666,0.9844736973675602,1.0,0.9999999999,0.9510249059666828
5,31,5,recursive_1000_200,hibrida,AGULHA NO PALHEIRO,1.0,0.9551097827540604,1.0,0.9999999999,0.7777228100270508
5,32,5,recursive_1000_200,hibrida,AGULHA NO PALHEIRO,0.0,0.0,1.0,0.9999999999,0.3575290971080095
5,33,5,recursive_1000_200,hibrida,AGULHA NO PALHEIRO,1.0,0.7696354433134882,1.0,0.9999999999,0.8584428133650606
5,34,5,recursive_1000_200,hibrida,AGULHA NO PALHEIRO,1.0,0.9968327696790878,1.0,0.9999999999,0.9124896445137564
5,35,5,recursive_1000_200,hibrida,AGULHA NO PALHEIRO,0.5,0.8661597451633142,1.0,0.9999999999,0.7213613369344762
5,36,5,recursive_1000_200,hibrida,AGULHA NO PALHEIRO,1.0,0.7087463800073796,1.0,0.9999999999,0.9506455116255929
5,37,5,recursive_1000_200,hibrida,AGULHA NO PALHEIRO,1.0,0.6108798205035032,1.0,0.9999999999,0.9416816642746276
5,38,5,recursive_1000_200,hibrida,AGULHA NO PALHEIRO,0.6666666666666666,0.8747838522479457,1.0,0.9999999999,0.8166708339635858
5,39,5,recursive_1000_200,hibrida,AGULHA NO PALHEIRO,1.0,0.997411552023614,1.0,0.9999999999,0.87080191224774
5,40,5,recursive_1000_200,hibrida,DEPENDENTE DE HISTÓRICO,1.0,0.88731791656013,1.0,0.9999999999,0.6566181123018838
5,41,5,recursive_1000_200,hibrida,DEPENDENTE DE HISTÓRICO,0.0,0.0,0.0,0.9999999999,0.28771313537957
5,42,5,recursive_1000_200,hibrida,DEPENDENTE DE HISTÓRICO,0.0,0.0,0.0,0.0,0.228274587684974
5,43,5,recursive_1000_200,hibrida,DEPENDENTE DE HISTÓRICO,1.0,0.501227199195934,1.0,0.9999999999,0.8369522234087436
5,44,5,recursive_1000_200,hibrida,DEPENDENTE DE HISTÓRICO,1.0,0.9155511585526074,0.0,0.9999999999,0.6148040625872311
5,45,5,recursive_1000_200,hibrida,DEPENDENTE DE HISTÓRICO,0.6666666666666666,0.565010619745221,0.0,0.9999999999,0.6605625470314431
5,46,5,recursive_1000_200,hibrida,DEPENDENTE DE HISTÓRICO,1.0,0.961243251096682,1.0,0.9999999999,0.8290068762986622
5,47,5,recursive_1000_200,hibrida,DEPENDENTE DE HISTÓRICO,0.0,0.0,0.0,0.9999999999,0.3619535977027853
5,48,5,recursive_1000_200,hibrida,DEPENDENTE DE HISTÓRICO,0.75,0.9563153644880312,1.0,0.9999999999,0.7595950122814242
5,49,5,recursive_1000_200,hibrida,DEPENDENTE DE HISTÓRICO,1.0,0.9247183057098955,1.0,0.9999999999,0.8456975307637556
5,50,5,recursive_1000_200,hibrida,DEPENDENTE DE HISTÓRICO,1.0,0.9336041567328822,1.0,0.9999999999,0.6782265025301696
5,51,5,recursive_1000_200,hibrida,DEPENDENTE DE HISTÓRICO,1.0,0.7555586937238026,1.0,0.9999999999,0.6484881955177197
5,52,5,recursive_1000_200,hibrida,DEPENDENTE DE HISTÓRICO,1.0,0.960564791920339,0.0,0.9999999999,0.7073225733950081
5,53,5,recursive_1000_200,hibrida,DEPENDENTE DE HISTÓRICO,1.0,0.8339053389970754,1.0,0.9999999999,0.637559873355615
5,54,5,recursive_1000_200,hibrida,DEPENDENTE DE HISTÓRICO,1.0,0.9187261545654763,1.0,0.9999999999,0.8595442903781896
5,55,5,recursive_1000_200,hibrida,DEPENDENTE DE HISTÓRICO,1.0,0.6655648087522299,0.0,0.9999999999,0.5789794600000233
5,56,5,recursive_1000_200,hibrida,DEPENDENTE DE HISTÓRICO,1.0,0.9118045538018978,1.0,0.9999999999,0.9197964652300982
5,57,5,recursive_1000_200,hibrida,DEPENDENTE DE HISTÓRICO,0.75,0.0,1.0,0.9999999999,0.746207043645043
5,58,5,recursive_1000_200,hibrida,DEPENDENTE DE HISTÓRICO,0.0,0.0,0.0,0.9999999999,0.3169525537830538
5,59,5,recursive_1000_200,hibrida,DEPENDENTE DE HISTÓRICO,1.0,0.9178782432024069,0.0,0.9999999999,0.8056790088920329
6,0,5,recursive_500_100,vetorial,FATUAL,1.0,0.9971426532722204,1.0,0.9999999999,0.8990418299141097
6,1,5,recursive_500_100,vetorial,FATUAL,0.0,0.0,0.0,0.0,0.2825969282842713
6,2,5,recursive_500_100,vetorial,FATUAL,1.0,1.0,1.0,0.9999999999,0.9795411957702356
6,3,5,recursive_500_100,vetorial,FATUAL,0.0,0.9973902284244116,0.0,0.9999999999,0.8734354583703619
6,4,5,recursive_500_100,vetorial,FATUAL,1.0,0.995366339769926,1.0,0.9999999999,0.8702778642568663
6,5,5,recursive_500_100,vetorial,FATUAL,1.0,0.746768213438382,0.0,0.9999999999,0.7237529086913759
6,6,5,recursive_500_100,vetorial,FATUAL,1.0,0.9999999999999996,0.5,0.9999999999,0.8391097713226815
6,7,5,recursive_500_100,vetorial,FATUAL,0.0,0.0,1.0,0.9999999999,0.2745386580245033
6,8,5,recursive_500_100,vetorial,FATUAL,0.6666666666666666,0.9773364630701784,1.0,0.9999999999,0.9026768408824636
6,9,5,recursive_500_100,vetorial,FATUAL,1.0,0.9972968670998038,1.0,0.9999999999,0.8881291739580931
6,10,5,recursive_500_100,vetorial,SÍNTESE,1.0,0.9664233449935984,0.0,0.9999999999,0.8000831208149805
6,11,5,recursive_500_100,vetorial,SÍNTESE,1.0,0.9422314510883586,0.3636363636363636,0.9999999999,0.7407526994081166
6,12,5,recursive_500_100,vetorial,SÍNTESE,0.75,0.8891241809625474,0.6666666666666666,0.9999999999,0.798930072657426
6,13,5,recursive_500_100,vetorial,SÍNTESE,1.0,0.8753320558394974,0.3333333333333333,0.9999999999,0.7220832840921618
6,14,5,recursive_500_100,vetorial,SÍNTESE,0.5,0.0,0.5,0.9999999999,0.3293896434512423
6,15,5,recursive_500_100,vetorial,SÍNTESE,1.0,0.9074889919531944,0.0,0.9999999999,0.6533245149956091
6,16,5,recursive_500_100,vetorial,SÍNTESE,1.0,0.9080675818229887,1.0,0.9999999999,0.7982730023161976
6,17,5,recursive_500_100,vetorial,SÍNTESE,0.5,0.0,0.0,0.9999999999,0.2908592112014727
6,18,5,recursive_500_100,vetorial,SÍNTESE,0.6,0.8675833333413053,0.3333333333333333,0.9999999999,0.7143818692188854
6,19,5,recursive_500_100,vetorial,SÍNTESE,1.0,0.9999999999999994,0.6666666666666666,0.9999999999,0.8040603330695995
6,20,5,recursive_500_100,vetorial,PROCEDIMENTAL,0.8,0.994534215679325,1.0,0.9999999999,0.6464482026590535
6,21,5,recursive_500_100,vetorial,PROCEDIMENTAL,1.0,0.9155377041678308,0.0,0.0,0.6036638193606508
6,22,5,recursive_500_100,vetorial,PROCEDIMENTAL,1.0,0.0,0.2,0.9999999999,0.7759095972942585
6,23,5,recursive_500_100,vetorial,PROCEDIMENTAL,1.0,0.8576700960458834,1.0,0.9999999999,0.7285122091546106
6,24,5,recursive_500_100,vetorial,PROCEDIMENTAL,1.0,0.9260374505733454,0.5,0.9999999999,0.8344354096096908
6,25,5,recursive_500_100,vetorial,PROCEDIMENTAL,1.0,0.8845231629084189,1.0,0.9999999999,0.8658678870674095
6,26,5,recursive_500_100,vetorial,PROCEDIMENTAL,1.0,0.6993132291208003,0.0,0.9999999999,0.6639799266904163
6,27,5,recursive_500_100,vetorial,PROCEDIMENTAL,0.9166666666666666,1.0000000000000004,0.5,0.9999999999,0.6732275619311988
6,28,5,recursive_500_100,vetorial,PROCEDIMENTAL,1.0,0.9946163268389256,0.0,0.9999999999,0.6166579024332003
6,29,5,recursive_500_100,vetorial,PROCEDIMENTAL,0.875,0.9998015767481826,0.0,0.9999999999,0.4324071711756043
6,30,5,recursive_500_100,vetorial,AGULHA NO PALHEIRO,0.6666666666666666,0.9844900081860306,1.0,0.9999999999,0.9546642932553564
6,31,5,recursive_500_100,vetorial,AGULHA NO PALHEIRO,0.0,0.0,0.0,0.0,0.3194751674316038
6,32,5,recursive_500_100,vetorial,AGULHA NO PALHEIRO,0.5,0.9999996270924436,1.0,0.9999999999,0.8773240612767466
6,33,5,recursive_500_100,vetorial,AGULHA NO PALHEIRO,1.0,0.9762574577288337,1.0,0.9999999999,0.8028046372815449
6,34,5,recursive_500_100,vetorial,AGULHA NO PALHEIRO,0.0,0.0,0.0,0.0,0.3027234865498557
6,35,5,recursive_500_100,vetorial,AGULHA NO PALHEIRO,0.5,0.8661597451633142,0.0,0.0,0.6913320185972298
6,36,5,recursive_500_100,vetorial,AGULHA NO PALHEIRO,0.25,0.0,1.0,0.9999999999,0.3080125934134132
6,37,5,recursive_500_100,vetorial,AGULHA NO PALHEIRO,1.0,0.6111425173996206,1.0,0.9999999999,0.9416816642746276
6,38,5,recursive_500_100,vetorial,AGULHA NO PALHEIRO,1.0,0.9970999035702152,1.0,0.9999999999,0.8312501862149144
6,39,5,recursive_500_100,vetorial,AGULHA NO PALHEIRO,1.0,0.997411552023614,1.0,0.9999999999,0.8726033841795113
6,40,5,recursive_500_100,vetorial,DEPENDENTE DE HISTÓRICO,0.6666666666666666,0.9273882868346698,1.0,0.9999999999,0.6353024895409365
6,41,5,recursive_500_100,vetorial,DEPENDENTE DE HISTÓRICO,1.0,0.6274496920666949,0.5,0.0,0.7405209127445673
6,42,5,recursive_500_100,vetorial,DEPENDENTE DE HISTÓRICO,0.5,0.0,0.0,0.0,0.228274587684974
6,43,5,recursive_500_100,vetorial,DEPENDENTE DE HISTÓRICO,1.0,0.6617751909982158,0.3333333333333333,0.9999999999,0.838210060805392
6,44,5,recursive_500_100,vetorial,DEPENDENTE DE HISTÓRICO,0.0,0.0,0.0,0.0,0.2835996743921822
6,45,5,recursive_500_100,vetorial,DEPENDENTE DE HISTÓRICO,1.0,0.5892025685629741,0.0,0.0,0.7025272955731297
6,46,5,recursive_500_100,vetorial,DEPENDENTE DE HISTÓRICO,0.6666666666666666,0.961243251096682,1.0,0.9999999999,0.8378181892241802
6,47,5,recursive_500_100,vetorial,DEPENDENTE DE HISTÓRICO,0.5,0.9396486259281228,0.6666666666666666,0.9999999999,0.7838907992733939
6,48,5,recursive_500_100,vetorial,DEPENDENTE DE HISTÓRICO,1.0,0.9006285544086349,1.0,0.9999999999,0.5843146893322637
6,49,5,recursive_500_100,vetorial,DEPENDENTE DE HISTÓRICO,1.0,0.9247183057098955,1.0,0.9999999999,0.8456975307637556
6,50,5,recursive_500_100,vetorial,DEPENDENTE DE HISTÓRICO,0.5,0.8025110316085197,0.0,0.0,0.8041999671597322
6,51,5,recursive_500_100,vetorial,DEPENDENTE DE HISTÓRICO,1.0,0.7675855851598525,1.0,0.9999999999,0.6484881955177197
6,52,5,recursive_500_100,vetorial,DEPENDENTE DE HISTÓRICO,0.75,0.960580025976964,0.0,0.9999999999,0.5440415311736507
6,53,5,recursive_500_100,vetorial,DEPENDENTE DE HISTÓRICO,1.0,0.8621957049425192,0.0,0.9999999999,0.6402356459351304
6,54,5,recursive_500_100,vetorial,DEPENDENTE DE HISTÓRICO,1.0,0.9659663748161202,0.5,0.9999999999,0.8447260109353905
6,55,5,recursive_500_100,vetorial,DEPENDENTE DE HISTÓRICO,0.625,0.7014871444702028,1.0,0.9999999999,0.5694187346457691
6,56,5,recursive_500_100,vetorial,DEPENDENTE DE HISTÓRICO,1.0,0.9108151612172324,1.0,0.9999999999,0.9115504394905816
6,57,5,recursive_500_100,vetorial,DEPENDENTE DE HISTÓRICO,0.8333333333333334,0.0,1.0,0.9999999999,0.6710748655904906
6,58,5,recursive_500_100,vetorial,DEPENDENTE DE HISTÓRICO,0.6666666666666666,0.7711961785516568,1.0,0.9999999999,0.8463778512970992
6,59,5,recursive_500_100,vetorial,DEPENDENTE DE HISTÓRICO,1.0,0.9178782432024069,1.0,0.9999999999,0.8869832837128628
7,0,5,recursive_500_100,hibrida,FATUAL,1.0,0.9971426532722204,1.0,0.9999999999,0.8990418299141097
7,1,5,recursive_500_100,hibrida,FATUAL,0.5,0.0,0.0,0.0,0.2825969282842713
7,2,5,recursive_500_100,hibrida,FATUAL,1.0,1.0,1.0,0.9999999999,0.9795410649418288
7,3,5,recursive_500_100,hibrida,FATUAL,1.0,0.9973902284244116,0.0,0.9999999999,0.9054194008009822
7,4,5,recursive_500_100,hibrida,FATUAL,1.0,0.995366339769926,1.0,0.9999999999,0.8702778642568663
7,5,5,recursive_500_100,hibrida,FATUAL,0.6666666666666666,0.7740607756996095,0.0,0.9999999999,0.755654936131084
7,6,5,recursive_500_100,hibrida,FATUAL,1.0,0.9999999999999996,1.0,0.9999999999,0.8391097713226815
7,7,5,recursive_500_100,hibrida,FATUAL,0.0,0.0,1.0,0.9999999999,0.2745386580245033
7,8,5,recursive_500_100,hibrida,FATUAL,0.6666666666666666,0.994959308795282,1.0,0.9999999999,0.9026768408824636
7,9,5,recursive_500_100,hibrida,FATUAL,1.0,0.9972968670998038,1.0,0.9999999999,0.8881291739580931
7,10,5,recursive_500_100,hibrida,SÍNTESE,1.0,0.9664233449935984,0.0,0.9999999999,0.7994139233884003
7,11,5,recursive_500_100,hibrida,SÍNTESE,1.0,0.9422314510883586,0.3636363636363636,0.9999999999,0.7405335902053024
7,12,5,recursive_500_100,hibrida,SÍNTESE,0.75,0.8891081145405404,0.6666666666666666,0.9999999999,0.798930072657426
7,13,5,recursive_500_100,hibrida,SÍNTESE,0.8333333333333334,0.8753320558394974,0.3333333333333333,0.9999999999,0.7220832840921618
7,14,5,recursive_500_100,hibrida,SÍNTESE,0.0,0.0,0.5,0.9999999999,0.3293896434512423
7,15,5,recursive_500_100,hibrida,SÍNTESE,1.0,0.9647576927810412,0.0,0.9999999999,0.6532381562148604
7,16,5,recursive_500_100,hibrida,SÍNTESE,1.0,0.9080675818229887,1.0,0.9999999999,0.7983535421579123
7,17,5,recursive_500_100,hibrida,SÍNTESE,0.5,0.0,0.0,0.9999999999,0.2914960735597546
7,18,5,recursive_500_100,hibrida,SÍNTESE,0.8,0.8675833333413053,0.0,0.9999999999,0.7143818692188854
7,19,5,recursive_500_100,hibrida,SÍNTESE,1.0,0.9999999999999994,0.6666666666666666,0.9999999999,0.8094846333284761
7,20,5,recursive_500_100,hibrida,PROCEDIMENTAL,0.8181818181818182,0.9945361772380846,1.0,0.9999999999,0.6427294437953663
7,21,5,recursive_500_100,hibrida,PROCEDIMENTAL,1.0,0.9155377041678308,0.0,0.0,0.6036638193606508
7,22,5,recursive_500_100,hibrida,PROCEDIMENTAL,1.0,0.0,0.2,0.9999999999,0.7774649831794509
7,23,5,recursive_500_100,hibrida,PROCEDIMENTAL,1.0,0.9823370007253271,1.0,0.9999999999,0.7299110654380231
7,24,5,recursive_500_100,hibrida,PROCEDIMENTAL,0.6666666666666666,0.9260374505733454,0.5,0.9999999999,0.813741464841745
7,25,5,recursive_500_100,hibrida,PROCEDIMENTAL,0.875,0.892063325391559,1.0,0.9999999999,0.809970788179103
7,26,5,recursive_500_100,hibrida,PROCEDIMENTAL,1.0,0.999999999999999,0.0,0.9999999999,0.723422182001652
7,27,5,recursive_500_100,hibrida,PROCEDIMENTAL,0.8571428571428571,1.0000000000000004,0.5,0.9999999999,0.6814614536343573
7,28,5,recursive_500_100,hibrida,PROCEDIMENTAL,1.0,0.9946244795339196,0.0,0.9999999999,0.6103306922233452
7,29,5,recursive_500_100,hibrida,PROCEDIMENTAL,0.875,0.9998015767481826,0.0,0.9999999999,0.4325896512795985
7,30,5,recursive_500_100,hibrida,AGULHA NO PALHEIRO,0.6666666666666666,0.9844900081860306,1.0,0.9999999999,0.9546642932553564
7,31,5,recursive_500_100,hibrida,AGULHA NO PALHEIRO,0.5,0.0,0.0,0.0,0.3194751674316038
7,32,5,recursive_500_100,hibrida,AGULHA NO PALHEIRO,0.3333333333333333,0.9798660839968109,1.0,0.9999999999,0.8612831865318118
7,33,5,recursive_500_100,hibrida,AGULHA NO PALHEIRO,0.5,0.9762574577288337,1.0,0.9999999999,0.8028046372815449
7,34,5,recursive_500_100,hibrida,AGULHA NO PALHEIRO,0.3333333333333333,0.0,0.0,0.0,0.3027234865498557
7,35,5,recursive_500_100,hibrida,AGULHA NO PALHEIRO,0.5,0.8661597451633142,0.0,0.0,0.6913320185972298
7,36,5,recursive_500_100,hibrida,AGULHA NO PALHEIRO,0.5,0.0,1.0,0.9999999999,0.3080125934134132
7,37,5,recursive_500_100,hibrida,AGULHA NO PALHEIRO,1.0,0.6111237495328289,1.0,0.9999999999,0.9416816642746276
7,38,5,recursive_500_100,hibrida,AGULHA NO PALHEIRO,1.0,0.9970992016813116,1.0,0.9999999999,0.8232947779290669
7,39,5,recursive_500_100,hibrida,AGULHA NO PALHEIRO,1.0,0.997411552023614,1.0,0.9999999999,0.8726033841795113
7,40,5,recursive_500_100,hibrida,DEPENDENTE DE HISTÓRICO,1.0,0.9273882868346698,1.0,0.9999999999,0.6353024895409365
7,41,5,recursive_500_100,hibrida,DEPENDENTE DE HISTÓRICO,1.0,0.6274496920666949,0.5,0.9999999999,0.7405209127445673
7,42,5,recursive_500_100,hibrida,DEPENDENTE DE HISTÓRICO,0.5,0.0,0.0,0.0,0.228274587684974
7,43,5,recursive_500_100,hibrida,DEPENDENTE DE HISTÓRICO,1.0,0.6617751909982158,0.3333333333333333,0.9999999999,0.8454212105208025
7,44,5,recursive_500_100,hibrida,DEPENDENTE DE HISTÓRICO,0.0,0.0,0.0,0.0,0.2835996743921822
7,45,5,recursive_500_100,hibrida,DEPENDENTE DE HISTÓRICO,1.0,0.5892025685629741,0.0,0.0,0.7025272955731297
7,46,5,recursive_500_100,hibrida,DEPENDENTE DE HISTÓRICO,0.6666666666666666,0.961243251096682,1.0,0.9999999999,0.8387340331986834
7,47,5,recursive_500_100,hibrida,DEPENDENTE DE HISTÓRICO,1.0,0.9396155540490232,0.3333333333333333,0.9999999999,0.7832677058999458
7,48,5,recursive_500_100,hibrida,DEPENDENTE DE HISTÓRICO,1.0,0.9006285544086349,1.0,0.9999999999,0.5843146893322637
7,49,5,recursive_500_100,hibrida,DEPENDENTE DE HISTÓRICO,1.0,0.9247183057098955,1.0,0.9999999999,0.8456975307637556
7,50,5,recursive_500_100,hibrida,DEPENDENTE DE HISTÓRICO,0.5,0.8034201543580629,0.0,0.0,0.8041999671597322
7,51,5,recursive_500_100,hibrida,DEPENDENTE DE HISTÓRICO,1.0,0.7675855851598525,1.0,0.9999999999,0.6484881955177197
7,52,5,recursive_500_100,hibrida,DEPENDENTE DE HISTÓRICO,0.75,0.960580025976964,0.0,0.9999999999,0.5440415311736507
7,53,5,recursive_500_100,hibrida,DEPENDENTE DE HISTÓRICO,0.75,0.8621649287435615,0.0,0.9999999999,0.6402356459351304
7,54,5,recursive_500_100,hibrida,DEPENDENTE DE HISTÓRICO,1.0,0.9659407206493968,0.5,0.9999999999,0.8447260109353905
7,55,5,recursive_500_100,hibrida,DEPENDENTE DE HISTÓRICO,0.7142857142857143,0.7928444727366695,1.0,0.9999999999,0.5726877460923627
7,56,5,recursive_500_100,hibrida,DEPENDENTE DE HISTÓRICO,1.0,0.9108151612172324,1.0,0.9999999999,0.9115504394905816
7,57,5,recursive_500_100,hibrida,DEPENDENTE DE HISTÓRICO,0.75,0.0,1.0,0.9999999999,0.746207043645043
7,58,5,recursive_500_100,hibrida,DEPENDENTE DE HISTÓRICO,1.0,0.7711961785516568,1.0,0.9999999999,0.8463778512970992
7,59,5,recursive_500_100,hibrida,DEPENDENTE DE HISTÓRICO,1.0,0.9178782432024069,1.0,0.9999999999,0.8869832837128628
